Student ID,Block 1 Rotation,Block 1 Site,Block 2 Rotation,Block 2 Site,Block 3 Rotation,Block 3 Site,Block 4 Rotation,Block 4 Site,Block 5 Rotation,Block 5 Site,Block 6 Rotation,Block 6 Site,Block 7 Rotation,Block 7 Site,Block 8 Rotation,Block 8 Site,Block 9 Rotation,Block 9 Site,Max Pairwise Distance (min),Dominant City
0,Psychiatry,"Summa Health, Akron",Pediatrics,"Akron Children's Hospital, Akron",Surgery,"Summa Health, Akron",Emergency Medicine,"Summa Health, Akron",Family Medicine,"Summa Health, Akron",Obstetrics/Gynecology,"Summa Health, Akron",Internal Medicine,"Summa Health, Akron",Internal Medicine,"Summa Health, Akron",Elective,Elective,6.6,Akron
1,Surgery,"Cleveland Clinic Akron General, Akron",Emergency Medicine,"Cleveland Clinic Akron General, Akron",Psychiatry,"Cleveland Clinic Akron General, Akron",Pediatrics,"Akron Children's Hospital, Akron",Elective,Elective,Family Medicine,"Cleveland Clinic Akron General, Akron",Internal Medicine,UH Parma Medical Center,Internal Medicine,UH Parma Medical Center,Obstetrics/Gynecology,"Cleveland Clinic Akron General, Akron",42.8,Akron
2,Elective,Elective,Psychiatry,Mercy St. Elizabeth Youngstown,Obstetrics/Gynecology,Aultman Hospital,Surgery,Mercy St. Elizabeth Youngstown,Emergency Medicine,Mercy St. Elizabeth Youngstown,Family Medicine,Mercy St. Elizabeth Youngstown,Internal Medicine,Mercy St. Elizabeth Youngstown,Internal Medicine,Mercy St. Elizabeth Youngstown,Pediatrics,"Akron Children's Hospital, Beeghley",68.6,Youngstown
3,Internal Medicine,"Cleveland Clinic Akron General, Akron",Internal Medicine,"Cleveland Clinic Akron General, Akron",Psychiatry,UH Cleveland Medical Center,Surgery,"Cleveland Clinic Akron General, Akron",Emergency Medicine,"Cleveland Clinic Akron General, Akron",Pediatrics,"Akron Children's Hospital, Akron",Elective,Elective,Obstetrics/Gynecology,"Cleveland Clinic Akron General, Akron",Family Medicine,"Cleveland Clinic Akron General, Akron",46.6,Akron
4,Internal Medicine,UH St. John Medical Center,Internal Medicine,UH St. John Medical Center,Surgery,"Cleveland Clinic Akron General, Akron",Emergency Medicine,"Cleveland Clinic Akron General, Akron",Pediatrics,"Akron Children's Hospital, Akron",Obstetrics/Gynecology,"Cleveland Clinic Akron General, Akron",Psychiatry,"Cleveland Clinic Akron General, Akron",Elective,Elective,Family Medicine,"Cleveland Clinic Akron General, Akron",51.6,Akron
5,Elective,Elective,Obstetrics/Gynecology,UH Ahuja Medical Center,Psychiatry,MetroHealth Medical Center,Pediatrics,MetroHealth Medical Center,Surgery,MetroHealth Medical Center,Emergency Medicine,MetroHealth Medical Center,Internal Medicine,UH St. John Medical Center,Internal Medicine,UH St. John Medical Center,Family Medicine,MetroHealth Medical Center,33,Western Cleveland
6,Obstetrics/Gynecology,Aultman Hospital,Psychiatry,"Summa Health, Akron",Internal Medicine,Aultman/Mercy,Internal Medicine,Aultman/Mercy,Family Medicine,Aultman Hospital,Surgery,Aultman Hospital,Emergency Medicine,Aultman Hospital,Pediatrics,"Akron Children's Hospital, Akron",Elective,Elective,26.9,Canton
7,Psychiatry,UH Cleveland Medical Center,Elective,Elective,Internal Medicine,Cleveland Clinic Fairview Hospital,Internal Medicine,Cleveland Clinic Fairview Hospital,Obstetrics/Gynecology,UH St. John Medical Center,Pediatrics,UH Cleveland Medical Center,Family Medicine,UH St. John Medical Center,Emergency Medicine,MetroHealth Medical Center,Surgery,Cleveland Clinic Fairview Hospital,34.1,Western Cleveland
8,Psychiatry,Mercy Lorain Hospital,Obstetrics/Gynecology,UH St. John Medical Center,Internal Medicine,UH St. John Medical Center,Internal Medicine,UH St. John Medical Center,Pediatrics,UH Cleveland Medical Center,Family Medicine,UH St. John Medical Center,Emergency Medicine,UH St. John Medical Center,Surgery,Cleveland Clinic Fairview Hospital,Elective,Elective,47.4,Western Cleveland
9,Pediatrics,"Akron Children's Hospital, Beeghley",Surgery,Mercy St. Elizabeth Youngstown,Emergency Medicine,Mercy St. Elizabeth Youngstown,Psychiatry,Mercy St. Elizabeth Youngstown,Elective,Elective,Family Medicine,Mercy St. Elizabeth Youngstown,Internal Medicine,Mercy St. Elizabeth Youngstown,Internal Medicine,Mercy St. Elizabeth Youngstown,Obstetrics/Gynecology,Mercy St. Elizabeth Youngstown,16.7,Youngstown
10,Psychiatry,Mercy St. Elizabeth Youngstown,Obstetrics/Gynecology,Aultman Hospital,Family Medicine,Aultman Hospital,Pediatrics,"Akron Children's Hospital, Akron",Internal Medicine,Aultman/Mercy,Internal Medicine,Aultman/Mercy,Surgery,Aultman Hospital,Emergency Medicine,Aultman Hospital,Elective,Elective,66.3,Canton
11,Obstetrics/Gynecology,"Summa Health, Akron",Psychiatry,"Summa Health, Akron",Pediatrics,"Akron Children's Hospital, Akron",Elective,Elective,Internal Medicine,"Summa Health, Akron",Internal Medicine,"Summa Health, Akron",Surgery,"Summa Health, Akron",Emergency Medicine,UH Portage Medical Center,Family Medicine,"Cleveland Clinic Akron General, Akron",32.4,Akron
12,Internal Medicine,Mercy St. Elizabeth Youngstown,Internal Medicine,Mercy St. Elizabeth Youngstown,Psychiatry,Mercy St. Elizabeth Youngstown,Family Medicine,Mercy St. Elizabeth Youngstown,Pediatrics,"Akron Children's Hospital, Beeghley",Obstetrics/Gynecology,Mercy St. Elizabeth Youngstown,Surgery,Mercy St. Elizabeth Youngstown,Emergency Medicine,Mercy St. Elizabeth Youngstown,Elective,Elective,16.7,Youngstown
13,Internal Medicine,Mercy St. Elizabeth Youngstown,Internal Medicine,Mercy St. Elizabeth Youngstown,Psychiatry,UH Cleveland Medical Center,Pediatrics,"Akron Children's Hospital, Akron",Obstetrics/Gynecology,"Summa Health, Akron",Family Medicine,UH Lake Health West Medical Center,Surgery,Western Reserve Hospital,Emergency Medicine,"Summa Health, Akron",Elective,Elective,78.5,Akron
14,Psychiatry,"Summa Health, Akron",Emergency Medicine,"Summa Health, Akron",Surgery,"Summa Health, Akron",Obstetrics/Gynecology,"Summa Health, Akron",Pediatrics,"Akron Children's Hospital, Akron",Family Medicine,Aultman Hospital,Internal Medicine,"Summa Health, Akron",Internal Medicine,"Summa Health, Akron",Elective,Elective,26.9,Akron
15,Obstetrics/Gynecology,Aultman Hospital,Family Medicine,Aultman Hospital,Pediatrics,"Akron Children's Hospital, Akron",Surgery,Aultman Hospital,Emergency Medicine,"Summa Health, Akron",Elective,Elective,Internal Medicine,Aultman/Mercy,Internal Medicine,Aultman/Mercy,Psychiatry,Mercy St. Elizabeth Youngstown,66.3,Canton
16,Emergency Medicine,"Summa Health, Akron",Surgery,"Summa Health, Akron",Psychiatry,"Summa Health, Akron",Obstetrics/Gynecology,UH Ahuja Medical Center,Family Medicine,Aultman Hospital,Pediatrics,"Akron Children's Hospital, Akron",Internal Medicine,"Summa Health, Akron",Internal Medicine,"Summa Health, Akron",Elective,Elective,50.5,Akron
17,Internal Medicine,Aultman/Mercy,Internal Medicine,Aultman/Mercy,Elective,Elective,Psychiatry,"Summa Health, Akron",Surgery,"Summa Health, Akron",Emergency Medicine,"Summa Health, Akron",Obstetrics/Gynecology,"Summa Health, Akron",Family Medicine,Mercy St. Elizabeth Youngstown,Pediatrics,"Akron Children's Hospital, Akron",66.3,Akron
18,Psychiatry,Mercy St. Elizabeth Youngstown,Family Medicine,Mercy St. Elizabeth Boardman Hospital,Obstetrics/Gynecology,Mercy St. Elizabeth Youngstown,Pediatrics,"Akron Children's Hospital, Beeghley",Surgery,Mercy St. Elizabeth Youngstown,Emergency Medicine,Mercy St. Elizabeth Youngstown,Internal Medicine,Mercy St. Elizabeth Youngstown,Internal Medicine,Mercy St. Elizabeth Youngstown,Elective,Elective,19.6,Youngstown
19,Pediatrics,"Akron Children's Hospital, Akron",Obstetrics/Gynecology,"Summa Health, Akron",Internal Medicine,"Summa Health, Akron",Internal Medicine,"Summa Health, Akron",Surgery,Western Reserve Hospital,Emergency Medicine,"Summa Health, Akron",Family Medicine,"Summa Health, Akron",Psychiatry,"Summa Health, Akron",Elective,Elective,11.8,Akron
20,Internal Medicine,OhioHealth Riverside Methodist Hospital,Internal Medicine,OhioHealth Riverside Methodist Hospital,Psychiatry,Columbus VA Clinic,Obstetrics/Gynecology,OhioHealth Riverside Methodist Hospital,Pediatrics,"Akron Children's Hospital, Akron",Family Medicine,Mount Carmel Health System,Surgery,OhioHealth Riverside Methodist Hospital,Emergency Medicine,Columbus VA Clinic,Elective,Elective,115.5,Columbus
21,Internal Medicine,"Summa Health, Akron",Internal Medicine,"Summa Health, Akron",Psychiatry,"Summa Health, Akron",Pediatrics,"Akron Children's Hospital, Akron",Family Medicine,UH Lake Health West Medical Center,Elective,Elective,Obstetrics/Gynecology,"Summa Health, Akron",Surgery,"Summa Health, Akron",Emergency Medicine,"Summa Health, Akron",48,Akron
22,Family Medicine,"Summa Health, Akron",Pediatrics,"Akron Children's Hospital, Akron",Psychiatry,"Summa Health, Akron",Obstetrics/Gynecology,Aultman Hospital,Internal Medicine,"Summa Health, Akron",Internal Medicine,"Summa Health, Akron",Elective,Elective,Surgery,"Summa Health, Akron",Emergency Medicine,"Summa Health, Akron",26.9,Akron
23,Pediatrics,"Akron Children's Hospital, Beeghley",Family Medicine,Mercy St. Elizabeth Youngstown,Psychiatry,Mercy St. Elizabeth Youngstown,Elective,Elective,Internal Medicine,Mercy St. Elizabeth Youngstown,Internal Medicine,Mercy St. Elizabeth Youngstown,Obstetrics/Gynecology,UH Ahuja Medical Center,Emergency Medicine,Mercy St. Elizabeth Youngstown,Surgery,Mercy St. Elizabeth Youngstown,69.5,Youngstown
24,Pediatrics,"Akron Children's Hospital, Akron",Family Medicine,Aultman Hospital,Obstetrics/Gynecology,Aultman Hospital,Psychiatry,Northcoast Behavioral Health,Internal Medicine,Aultman/Mercy,Internal Medicine,Aultman/Mercy,Elective,Elective,Surgery,Aultman Hospital,Emergency Medicine,Aultman Hospital,50.3,Canton
25,Surgery,Mercy St. Elizabeth Youngstown,Emergency Medicine,Mercy St. Elizabeth Youngstown,Internal Medicine,Mercy St. Elizabeth Youngstown,Internal Medicine,Mercy St. Elizabeth Youngstown,Family Medicine,Mercy St. Elizabeth Youngstown,Elective,Elective,Psychiatry,Mercy St. Elizabeth Youngstown,Pediatrics,"Akron Children's Hospital, Beeghley",Obstetrics/Gynecology,Mercy St. Elizabeth Youngstown,16.7,Youngstown
26,Obstetrics/Gynecology,UH Ahuja Medical Center,Psychiatry,UH Cleveland Medical Center,Internal Medicine,UH Parma Medical Center,Internal Medicine,UH Parma Medical Center,Surgery,Cleveland Clinic Fairview Hospital,Emergency Medicine,MetroHealth Medical Center,Pediatrics,UH Cleveland Medical Center,Family Medicine,MetroHealth Medical Center,Elective,Elective,30.8,Western Cleveland
27,Emergency Medicine,MetroHealth Medical Center,Surgery,Cleveland Clinic Fairview Hospital,Internal Medicine,MetroHealth Medical Center,Internal Medicine,MetroHealth Medical Center,Psychiatry,UH Cleveland Medical Center,Obstetrics/Gynecology,UH Ahuja Medical Center,Pediatrics,UH Cleveland Medical Center,Elective,Elective,Family Medicine,UH St. John Medical Center,34.1,Western Cleveland
28,Psychiatry,Columbus VA Clinic,Elective,Elective,Internal Medicine,OhioHealth Riverside Methodist Hospital,Internal Medicine,OhioHealth Riverside Methodist Hospital,Pediatrics,"Akron Children's Hospital, Akron",Surgery,OhioHealth Riverside Methodist Hospital,Emergency Medicine,Columbus VA Clinic,Family Medicine,Mount Carmel Health System,Obstetrics/Gynecology,OhioHealth Riverside Methodist Hospital,115.5,Columbus
29,Internal Medicine,UH St. John Medical Center,Internal Medicine,UH St. John Medical Center,Family Medicine,MetroHealth Medical Center,Pediatrics,UH Cleveland Medical Center,Psychiatry,MetroHealth Medical Center,Elective,Elective,Obstetrics/Gynecology,UH Ahuja Medical Center,Emergency Medicine,MetroHealth Medical Center,Surgery,MetroHealth Medical Center,34.1,Western Cleveland
30,Psychiatry,"Summa Health, Akron",Pediatrics,"Akron Children's Hospital, Akron",Internal Medicine,"Cleveland Clinic Akron General, Akron",Internal Medicine,"Cleveland Clinic Akron General, Akron",Elective,Elective,Surgery,"Summa Health, Akron",Emergency Medicine,"Summa Health, Akron",Obstetrics/Gynecology,"Summa Health, Akron",Family Medicine,"Summa Health, Akron",8,Akron
31,Elective,Elective,Psychiatry,"Summa Health, Akron",Obstetrics/Gynecology,"Summa Health, Akron",Pediatrics,"Akron Children's Hospital, Akron",Surgery,"Summa Health, Akron",Emergency Medicine,"Summa Health, Akron",Internal Medicine,UH Lake Health West Medical Center,Internal Medicine,UH Lake Health West Medical Center,Family Medicine,"Summa Health, Barberton",56.4,Akron
32,Obstetrics/Gynecology,"Cleveland Clinic Akron General, Akron",Elective,Elective,Psychiatry,Louis Stokes Cleveland VA,Pediatrics,"Akron Children's Hospital, Akron",Internal Medicine,"Cleveland Clinic Akron General, Akron",Internal Medicine,"Cleveland Clinic Akron General, Akron",Family Medicine,"Cleveland Clinic Akron General, Akron",Emergency Medicine,"Cleveland Clinic Akron General, Akron",Surgery,"Cleveland Clinic Akron General, Akron",46.4,Akron
33,Obstetrics/Gynecology,"Summa Health, Akron",Pediatrics,"Akron Children's Hospital, Akron",Internal Medicine,"Summa Health, Akron",Internal Medicine,"Summa Health, Akron",Psychiatry,"Summa Health, Akron",Family Medicine,"Summa Health, Akron",Emergency Medicine,"Summa Health, Akron",Surgery,"Summa Health, Akron",Elective,Elective,6.6,Akron
34,Obstetrics/Gynecology,Aultman Hospital,Psychiatry,Northcoast Behavioral Health,Internal Medicine,UH Geauga Medical Center,Internal Medicine,UH Geauga Medical Center,Pediatrics,"Akron Children's Hospital, Akron",Emergency Medicine,"Summa Health, Akron",Surgery,"Summa Health, Akron",Family Medicine,Aultman Hospital,Elective,Elective,75.2,Akron
35,Obstetrics/Gynecology,"Cleveland Clinic Akron General, Akron",Family Medicine,"Cleveland Clinic Akron General, Akron",Surgery,"Cleveland Clinic Akron General, Akron",Emergency Medicine,"Cleveland Clinic Akron General, Akron",Psychiatry,"Cleveland Clinic Akron General, Akron",Pediatrics,"Akron Children's Hospital, Akron",Internal Medicine,Aultman/Mercy,Internal Medicine,Aultman/Mercy,Elective,Elective,28.4,Akron
36,Psychiatry,Louis Stokes Cleveland VA,Obstetrics/Gynecology,UH TriPoint Medical Center,Emergency Medicine,UH Lake Health West Medical Center,Surgery,UH Lake Health West Medical Center,Internal Medicine,UH Lake Health West Medical Center,Internal Medicine,UH Lake Health West Medical Center,Pediatrics,Senders Pediatrics,Elective,Elective,Family Medicine,UH Lake Health West Medical Center,30.3,Eastern Cleveland
37,Internal Medicine,UH Geauga Medical Center,Internal Medicine,UH Geauga Medical Center,Psychiatry,"Cleveland Clinic Akron General, Akron",Family Medicine,"Cleveland Clinic Akron General, Akron",Pediatrics,"Akron Children's Hospital, Akron",Surgery,"Cleveland Clinic Akron General, Akron",Emergency Medicine,"Cleveland Clinic Akron General, Akron",Obstetrics/Gynecology,"Cleveland Clinic Akron General, Akron",Elective,Elective,58.2,Akron
38,Internal Medicine,"Summa Health, Akron",Internal Medicine,"Summa Health, Akron",Obstetrics/Gynecology,Aultman Hospital,Psychiatry,"Summa Health, Akron",Pediatrics,"Akron Children's Hospital, Akron",Elective,Elective,Family Medicine,"Summa Health, Akron",Emergency Medicine,"Summa Health, Akron",Surgery,"Summa Health, Akron",26.9,Akron
39,Internal Medicine,"Cleveland Clinic Akron General, Akron",Internal Medicine,"Cleveland Clinic Akron General, Akron",Psychiatry,"Cleveland Clinic Akron General, Akron",Obstetrics/Gynecology,"Cleveland Clinic Akron General, Akron",Family Medicine,"Summa Health, Barberton",Pediatrics,"Akron Children's Hospital, Akron",Elective,Elective,Emergency Medicine,"Cleveland Clinic Akron General, Akron",Surgery,"Cleveland Clinic Akron General, Akron",15.8,Akron
40,Psychiatry,"Summa Health, Akron",Pediatrics,"Akron Children's Hospital, Akron",Internal Medicine,"Summa Health, Akron",Internal Medicine,"Summa Health, Akron",Surgery,"Summa Health, Akron",Emergency Medicine,"Summa Health, Akron",Family Medicine,Mercy St. Elizabeth Youngstown,Elective,Elective,Obstetrics/Gynecology,"Summa Health, Akron",50.6,Akron
41,Elective,Elective,Obstetrics/Gynecology,"Summa Health, Akron",Pediatrics,"Akron Children's Hospital, Akron",Surgery,Aultman Hospital,Emergency Medicine,"Summa Health, Akron",Psychiatry,"Summa Health, Akron",Internal Medicine,Aultman/Mercy,Internal Medicine,Aultman/Mercy,Family Medicine,"Summa Health, Barberton",29.6,Akron
42,Elective,Elective,Family Medicine,"Summa Health, Barberton",Pediatrics,"Akron Children's Hospital, Akron",Emergency Medicine,"Summa Health, Akron",Surgery,"Summa Health, Akron",Psychiatry,"Summa Health, Akron",Internal Medicine,Western Reserve Hospital,Internal Medicine,Western Reserve Hospital,Obstetrics/Gynecology,"Summa Health, Akron",22.7,Akron
43,Internal Medicine,"Summa Health, Akron",Internal Medicine,"Summa Health, Akron",Elective,Elective,Pediatrics,"Akron Children's Hospital, Akron",Family Medicine,Mercy St. Elizabeth Youngstown,Surgery,"Summa Health, Akron",Emergency Medicine,"Summa Health, Akron",Psychiatry,"Summa Health, Akron",Obstetrics/Gynecology,"Summa Health, Akron",50.6,Akron
44,Pediatrics,"Akron Children's Hospital, Akron",Elective,Elective,Internal Medicine,"Cleveland Clinic Akron General, Akron",Internal Medicine,"Cleveland Clinic Akron General, Akron",Family Medicine,"Summa Health, Barberton",Obstetrics/Gynecology,"Cleveland Clinic Akron General, Akron",Psychiatry,"Cleveland Clinic Akron General, Akron",Surgery,"Cleveland Clinic Akron General, Akron",Emergency Medicine,"Cleveland Clinic Akron General, Akron",15.8,Akron
45,Obstetrics/Gynecology,"Summa Health, Akron",Family Medicine,Mercy St. Elizabeth Boardman Hospital,Emergency Medicine,"Summa Health, Akron",Surgery,Cleveland Clinic Mercy Medical Center (Canton),Pediatrics,"Akron Children's Hospital, Akron",Psychiatry,"Summa Health, Akron",Internal Medicine,"Summa Health, Akron",Internal Medicine,"Summa Health, Akron",Elective,Elective,63.5,Akron
46,Surgery,Aultman Hospital,Emergency Medicine,Mercy St. Elizabeth Youngstown,Pediatrics,"Akron Children's Hospital, Akron",Obstetrics/Gynecology,Aultman Hospital,Internal Medicine,Aultman/Mercy,Internal Medicine,Aultman/Mercy,Elective,Elective,Psychiatry,Mercy St. Elizabeth Youngstown,Family Medicine,Aultman Hospital,66.3,Canton
47,Surgery,"Summa Health, Akron",Emergency Medicine,"Summa Health, Akron",Psychiatry,"Summa Health, Akron",Obstetrics/Gynecology,"Cleveland Clinic Akron General, Akron",Internal Medicine,"Summa Health, Akron",Internal Medicine,"Summa Health, Akron",Pediatrics,"Akron Children's Hospital, Akron",Family Medicine,Mercy St. Elizabeth Boardman Hospital,Elective,Elective,57.8,Akron
48,Internal Medicine,Western Reserve Hospital,Internal Medicine,Western Reserve Hospital,Pediatrics,"Akron Children's Hospital, Akron",Family Medicine,"Summa Health, Akron",Psychiatry,"Summa Health, Akron",Elective,Elective,Obstetrics/Gynecology,"Summa Health, Akron",Surgery,Cleveland Clinic Mercy Medical Center (Canton),Emergency Medicine,"Summa Health, Akron",29.5,Akron
49,Surgery,"Summa Health, Akron",Emergency Medicine,"Summa Health, Akron",Internal Medicine,"Summa Health, Akron",Internal Medicine,"Summa Health, Akron",Obstetrics/Gynecology,"Summa Health, Akron",Pediatrics,"Akron Children's Hospital, Akron",Family Medicine,Mercy St. Elizabeth Boardman Hospital,Psychiatry,"Summa Health, Akron",Elective,Elective,57.4,Akron
50,Internal Medicine,"Cleveland Clinic Akron General, Akron",Internal Medicine,"Cleveland Clinic Akron General, Akron",Obstetrics/Gynecology,"Cleveland Clinic Akron General, Akron",Family Medicine,"Summa Health, Barberton",Psychiatry,"Cleveland Clinic Akron General, Akron",Emergency Medicine,UH Portage Medical Center,Surgery,"Cleveland Clinic Akron General, Akron",Pediatrics,"Akron Children's Hospital, Akron",Elective,Elective,37.5,Akron
51,Elective,Elective,Surgery,"Summa Health, Akron",Emergency Medicine,"Summa Health, Akron",Obstetrics/Gynecology,Aultman Hospital,Internal Medicine,"Summa Health, Akron",Internal Medicine,"Summa Health, Akron",Psychiatry,"Summa Health, Akron",Family Medicine,Aultman Hospital,Pediatrics,"Akron Children's Hospital, Akron",26.9,Akron
52,Elective,Elective,Psychiatry,"Summa Health, Akron",Surgery,"Summa Health, Akron",Emergency Medicine,UH Portage Medical Center,Pediatrics,"Akron Children's Hospital, Akron",Family Medicine,"Summa Health, Akron",Internal Medicine,"Summa Health, Akron",Internal Medicine,"Summa Health, Akron",Obstetrics/Gynecology,Aultman Hospital,47.8,Akron
53,Psychiatry,Bluestone Child and Adolescent Psychiatric Hospital,Emergency Medicine,Cleveland Clinic Union Hospital,Surgery,Aultman Hospital,Obstetrics/Gynecology,Aultman Hospital,Pediatrics,"Akron Children's Hospital, Akron",Family Medicine,Aultman Hospital,Internal Medicine,Aultman/Mercy,Internal Medicine,Aultman/Mercy,Elective,Elective,81.2,Canton
54,Internal Medicine,"Summa Health, Akron",Internal Medicine,"Summa Health, Akron",Obstetrics/Gynecology,"Summa Health, Akron",Family Medicine,UH Lake Health West Medical Center,Pediatrics,"Akron Children's Hospital, Akron",Elective,Elective,Psychiatry,"Summa Health, Akron",Emergency Medicine,"Summa Health, Akron",Surgery,"Summa Health, Akron",48,Akron
55,Elective,Elective,Psychiatry,Mercy Lorain Hospital,Internal Medicine,UH St. John Medical Center,Internal Medicine,UH St. John Medical Center,Obstetrics/Gynecology,UH St. John Medical Center,Emergency Medicine,UH St. John Medical Center,Surgery,Cleveland Clinic Fairview Hospital,Family Medicine,UH St. John Medical Center,Pediatrics,UH Cleveland Medical Center,47.4,Western Cleveland
56,Family Medicine,UH St. John Medical Center,Surgery,Louis Stokes Cleveland VA,Emergency Medicine,UH Ahuja Medical Center,Obstetrics/Gynecology,UH Ahuja Medical Center,Internal Medicine,MetroHealth Medical Center,Internal Medicine,MetroHealth Medical Center,Psychiatry,MetroHealth Medical Center,Pediatrics,UH Cleveland Medical Center,Elective,Elective,34.1,Eastern Cleveland
57,Internal Medicine,Western Reserve Hospital,Internal Medicine,Western Reserve Hospital,Surgery,"Summa Health, Akron",Emergency Medicine,"Summa Health, Akron",Family Medicine,UH St. John Medical Center,Pediatrics,"Akron Children's Hospital, Akron",Obstetrics/Gynecology,"Summa Health, Akron",Psychiatry,"Summa Health, Akron",Elective,Elective,52.2,Akron
58,Family Medicine,Aultman Hospital,Pediatrics,"Akron Children's Hospital, Akron",Obstetrics/Gynecology,Aultman Hospital,Elective,Elective,Internal Medicine,Aultman/Mercy,Internal Medicine,Aultman/Mercy,Psychiatry,UH Cleveland Medical Center,Emergency Medicine,Aultman Hospital,Surgery,Aultman Hospital,66.5,Canton
59,Emergency Medicine,Mercy St. Elizabeth Youngstown,Surgery,Mercy St. Elizabeth Youngstown,Family Medicine,Mercy St. Elizabeth Youngstown,Obstetrics/Gynecology,Mercy St. Elizabeth Youngstown,Internal Medicine,Mercy St. Elizabeth Youngstown,Internal Medicine,Mercy St. Elizabeth Youngstown,Psychiatry,Mercy St. Elizabeth Youngstown,Pediatrics,"Akron Children's Hospital, Beeghley",Elective,Elective,16.7,Youngstown
60,Emergency Medicine,UH Lake Health West Medical Center,Surgery,UH Lake Health West Medical Center,Pediatrics,Senders Pediatrics,Elective,Elective,Internal Medicine,UH Geauga Medical Center,Internal Medicine,UH Geauga Medical Center,Psychiatry,Louis Stokes Cleveland VA,Obstetrics/Gynecology,UH TriPoint Medical Center,Family Medicine,UH Lake Health West Medical Center,48.3,Eastern Cleveland
61,Psychiatry,Mercy St. Elizabeth Youngstown,Obstetrics/Gynecology,Mercy St. Elizabeth Youngstown,Family Medicine,Mercy St. Elizabeth Youngstown,Emergency Medicine,Mercy St. Elizabeth Youngstown,Surgery,Mercy St. Elizabeth Youngstown,Pediatrics,"Akron Children's Hospital, Beeghley",Internal Medicine,UH Geauga Medical Center,Internal Medicine,UH Geauga Medical Center,Elective,Elective,68,Youngstown
62,Psychiatry,Louis Stokes Cleveland VA,Pediatrics,MetroHealth Medical Center,Internal Medicine,UH Parma Medical Center,Internal Medicine,UH Parma Medical Center,Elective,Elective,Surgery,MetroHealth Medical Center,Emergency Medicine,MetroHealth Medical Center,Obstetrics/Gynecology,UH Ahuja Medical Center,Family Medicine,MetroHealth Medical Center,30.2,Eastern Cleveland
63,Surgery,Mercy St. Elizabeth Youngstown,Emergency Medicine,Mercy St. Elizabeth Youngstown,Internal Medicine,Mercy St. Elizabeth Youngstown,Internal Medicine,Mercy St. Elizabeth Youngstown,Psychiatry,Mercy St. Elizabeth Youngstown,Pediatrics,"Akron Children's Hospital, Beeghley",Obstetrics/Gynecology,Mercy St. Elizabeth Youngstown,Family Medicine,Mercy St. Elizabeth Youngstown,Elective,Elective,16.7,Youngstown
64,Family Medicine,Mercy St. Elizabeth Boardman Hospital,Elective,Elective,Obstetrics/Gynecology,"Cleveland Clinic Akron General, Akron",Psychiatry,"Cleveland Clinic Akron General, Akron",Internal Medicine,"Cleveland Clinic Akron General, Akron",Internal Medicine,"Cleveland Clinic Akron General, Akron",Pediatrics,"Akron Children's Hospital, Akron",Emergency Medicine,"Cleveland Clinic Akron General, Akron",Surgery,Western Reserve Hospital,61.4,Akron
65,Family Medicine,"Cleveland Clinic Akron General, Akron",Obstetrics/Gynecology,"Cleveland Clinic Akron General, Akron",Pediatrics,"Akron Children's Hospital, Akron",Psychiatry,"Cleveland Clinic Akron General, Akron",Emergency Medicine,"Cleveland Clinic Akron General, Akron",Surgery,"Cleveland Clinic Akron General, Akron",Internal Medicine,MetroHealth Medical Center,Internal Medicine,MetroHealth Medical Center,Elective,Elective,41.4,Akron
66,Surgery,Cleveland Clinic Fairview Hospital,Emergency Medicine,UH Ahuja Medical Center,Internal Medicine,UH St. John Medical Center,Internal Medicine,UH St. John Medical Center,Pediatrics,UH Cleveland Medical Center,Obstetrics/Gynecology,UH St. John Medical Center,Elective,Elective,Psychiatry,Mercy Lorain Hospital,Family Medicine,UH St. John Medical Center,51.2,Western Cleveland
67,Internal Medicine,UH Geauga Medical Center,Internal Medicine,UH Geauga Medical Center,Family Medicine,UH Lake Health West Medical Center,Pediatrics,Senders Pediatrics,Psychiatry,Louis Stokes Cleveland VA,Elective,Elective,Obstetrics/Gynecology,UH TriPoint Medical Center,Surgery,Louis Stokes Cleveland VA,Emergency Medicine,UH Lake Health West Medical Center,48.3,Eastern Cleveland
68,Obstetrics/Gynecology,Aultman Hospital,Elective,Elective,Internal Medicine,Aultman/Mercy,Internal Medicine,Aultman/Mercy,Emergency Medicine,"Summa Health, Akron",Surgery,"Summa Health, Akron",Pediatrics,"Akron Children's Hospital, Akron",Psychiatry,UH Cleveland Medical Center,Family Medicine,"Summa Health, Barberton",66.5,Akron
69,Emergency Medicine,"Summa Health, Akron",Surgery,"Summa Health, Akron",Family Medicine,"Summa Health, Akron",Psychiatry,"Summa Health, Akron",Internal Medicine,Western Reserve Hospital,Internal Medicine,Western Reserve Hospital,Pediatrics,"Akron Children's Hospital, Akron",Obstetrics/Gynecology,Aultman Hospital,Elective,Elective,33,Akron
70,Obstetrics/Gynecology,UH TriPoint Medical Center,Psychiatry,MetroHealth Medical Center,Emergency Medicine,MetroHealth Medical Center,Surgery,MetroHealth Medical Center,Internal Medicine,MetroHealth Medical Center,Internal Medicine,MetroHealth Medical Center,Elective,Elective,Pediatrics,UH Cleveland Medical Center,Family Medicine,MetroHealth Medical Center,35.4,Western Cleveland
71,Psychiatry,"Summa Health, Akron",Pediatrics,"Akron Children's Hospital, Akron",Emergency Medicine,"Summa Health, Akron",Surgery,"Summa Health, Akron",Internal Medicine,Aultman/Mercy,Internal Medicine,Aultman/Mercy,Family Medicine,Mercy St. Elizabeth Youngstown,Obstetrics/Gynecology,Mercy St. Elizabeth Youngstown,Elective,Elective,66.3,Akron
72,Emergency Medicine,"Summa Health, Akron",Surgery,"Summa Health, Akron",Pediatrics,"Akron Children's Hospital, Akron",Psychiatry,"Summa Health, Akron",Internal Medicine,"Summa Health, Akron",Internal Medicine,"Summa Health, Akron",Family Medicine,Mercy St. Elizabeth Youngstown,Obstetrics/Gynecology,"Summa Health, Akron",Elective,Elective,50.6,Akron
73,Internal Medicine,Aultman/Mercy,Internal Medicine,Aultman/Mercy,Elective,Elective,Surgery,Aultman Hospital,Emergency Medicine,"Cleveland Clinic Akron General, Akron",Psychiatry,Mercy St. Elizabeth Youngstown,Family Medicine,Aultman Hospital,Pediatrics,"Akron Children's Hospital, Akron",Obstetrics/Gynecology,Aultman Hospital,66.3,Canton
74,Family Medicine,Mercy St. Elizabeth Youngstown,Pediatrics,"Akron Children's Hospital, Beeghley",Internal Medicine,Mercy St. Elizabeth Youngstown,Internal Medicine,Mercy St. Elizabeth Youngstown,Psychiatry,Mercy St. Elizabeth Youngstown,Obstetrics/Gynecology,Aultman Hospital,Surgery,Mercy St. Elizabeth Youngstown,Emergency Medicine,Mercy St. Elizabeth Youngstown,Elective,Elective,68.6,Youngstown
75,Pediatrics,"Akron Children's Hospital, Akron",Elective,Elective,Internal Medicine,UH St. John Medical Center,Internal Medicine,UH St. John Medical Center,Obstetrics/Gynecology,UH Ahuja Medical Center,Family Medicine,MetroHealth Medical Center,Psychiatry,UH Cleveland Medical Center,Surgery,MetroHealth Medical Center,Emergency Medicine,UH Ahuja Medical Center,51.2,Eastern Cleveland
76,Pediatrics,"Akron Children's Hospital, Akron",Elective,Elective,Family Medicine,Aultman Hospital,Obstetrics/Gynecology,"Summa Health, Akron",Internal Medicine,"Summa Health, Akron",Internal Medicine,"Summa Health, Akron",Surgery,"Cleveland Clinic Akron General, Akron",Emergency Medicine,"Summa Health, Akron",Psychiatry,"Summa Health, Akron",28.4,Akron
77,Internal Medicine,Mercy St. Elizabeth Youngstown,Internal Medicine,Mercy St. Elizabeth Youngstown,Pediatrics,"Akron Children's Hospital, Beeghley",Family Medicine,Mercy St. Elizabeth Boardman Hospital,Obstetrics/Gynecology,Mercy St. Elizabeth Youngstown,Psychiatry,Mercy St. Elizabeth Youngstown,Surgery,Mercy St. Elizabeth Youngstown,Emergency Medicine,Mercy St. Elizabeth Youngstown,Elective,Elective,19.6,Youngstown
78,Family Medicine,Aultman Hospital,Pediatrics,"Akron Children's Hospital, Akron",Internal Medicine,UH Lake Health West Medical Center,Internal Medicine,UH Lake Health West Medical Center,Elective,Elective,Psychiatry,"Summa Health, Akron",Obstetrics/Gynecology,"Summa Health, Akron",Surgery,"Summa Health, Akron",Emergency Medicine,"Summa Health, Akron",66.7,Akron
79,Internal Medicine,Mercy St. Elizabeth Youngstown,Internal Medicine,Mercy St. Elizabeth Youngstown,Pediatrics,"Akron Children's Hospital, Beeghley",Obstetrics/Gynecology,Mercy St. Elizabeth Youngstown,Family Medicine,Mercy St. Elizabeth Youngstown,Elective,Elective,Emergency Medicine,Mercy St. Elizabeth Youngstown,Surgery,Mercy St. Elizabeth Youngstown,Psychiatry,Mercy St. Elizabeth Youngstown,16.7,Youngstown
80,Emergency Medicine,"Summa Health, Akron",Surgery,Cleveland Clinic Mercy Medical Center (Canton),Elective,Elective,Psychiatry,"Summa Health, Akron",Obstetrics/Gynecology,Aultman Hospital,Family Medicine,Mercy St. Elizabeth Boardman Hospital,Internal Medicine,"Summa Health, Akron",Internal Medicine,"Summa Health, Akron",Pediatrics,"Akron Children's Hospital, Akron",67.1,Akron
81,Internal Medicine,Aultman/Mercy,Internal Medicine,Aultman/Mercy,Elective,Elective,Family Medicine,Aultman Hospital,Surgery,Aultman Hospital,Emergency Medicine,Aultman Hospital,Pediatrics,"Akron Children's Hospital, Akron",Psychiatry,Mercy St. Elizabeth Youngstown,Obstetrics/Gynecology,Aultman Hospital,66.3,Canton
82,Family Medicine,UH St. John Medical Center,Pediatrics,UH Cleveland Medical Center,Psychiatry,Mercy Lorain Hospital,Surgery,Cleveland Clinic Fairview Hospital,Emergency Medicine,UH St. John Medical Center,Obstetrics/Gynecology,UH St. John Medical Center,Internal Medicine,UH St. John Medical Center,Internal Medicine,UH St. John Medical Center,Elective,Elective,47.4,Western Cleveland
83,Surgery,"Summa Health, Akron",Emergency Medicine,UH Portage Medical Center,Family Medicine,"Cleveland Clinic Akron General, Akron",Psychiatry,"Cleveland Clinic Akron General, Akron",Obstetrics/Gynecology,"Cleveland Clinic Akron General, Akron",Elective,Elective,Internal Medicine,"Cleveland Clinic Akron General, Akron",Internal Medicine,"Cleveland Clinic Akron General, Akron",Pediatrics,"Akron Children's Hospital, Akron",32.4,Akron
84,Internal Medicine,"Summa Health, Akron",Internal Medicine,"Summa Health, Akron",Pediatrics,"Akron Children's Hospital, Akron",Family Medicine,Mercy St. Elizabeth Boardman Hospital,Elective,Elective,Obstetrics/Gynecology,"Summa Health, Akron",Psychiatry,"Summa Health, Akron",Emergency Medicine,"Summa Health, Akron",Surgery,"Summa Health, Akron",57.4,Akron
85,Pediatrics,"Akron Children's Hospital, Akron",Elective,Elective,Internal Medicine,"Summa Health, Akron",Internal Medicine,"Summa Health, Akron",Family Medicine,"Summa Health, Barberton",Surgery,"Summa Health, Akron",Emergency Medicine,"Summa Health, Akron",Obstetrics/Gynecology,"Summa Health, Akron",Psychiatry,"Summa Health, Akron",15.8,Akron
86,Surgery,Cleveland Clinic Fairview Hospital,Emergency Medicine,MetroHealth Medical Center,Elective,Elective,Obstetrics/Gynecology,UH St. John Medical Center,Internal Medicine,UH Parma Medical Center,Internal Medicine,UH Parma Medical Center,Pediatrics,UH Cleveland Medical Center,Family Medicine,MetroHealth Medical Center,Psychiatry,Louis Stokes Cleveland VA,34.1,Western Cleveland
87,Pediatrics,"Akron Children's Hospital, Akron",Psychiatry,UH Cleveland Medical Center,Surgery,Aultman Hospital,Emergency Medicine,Cleveland Clinic Union Hospital,Obstetrics/Gynecology,Aultman Hospital,Family Medicine,Aultman Hospital,Internal Medicine,Aultman/Mercy,Internal Medicine,Aultman/Mercy,Elective,Elective,89.4,Canton
88,Elective,Elective,Family Medicine,UH St. John Medical Center,Obstetrics/Gynecology,UH St. John Medical Center,Pediatrics,UH Cleveland Medical Center,Surgery,Cleveland Clinic Fairview Hospital,Emergency Medicine,UH St. John Medical Center,Internal Medicine,UH St. John Medical Center,Internal Medicine,UH St. John Medical Center,Psychiatry,Mercy Lorain Hospital,47.4,Western Cleveland
89,Surgery,Aultman Hospital,Emergency Medicine,Cleveland Clinic Union Hospital,Elective,Elective,Psychiatry,Louis Stokes Cleveland VA,Internal Medicine,Aultman/Mercy,Internal Medicine,Aultman/Mercy,Obstetrics/Gynecology,Aultman Hospital,Family Medicine,Aultman Hospital,Pediatrics,"Akron Children's Hospital, Akron",89.1,Canton
90,Internal Medicine,"Summa Health, Akron",Internal Medicine,"Summa Health, Akron",Emergency Medicine,"Cleveland Clinic Akron General, Akron",Surgery,"Summa Health, Akron",Obstetrics/Gynecology,Aultman Hospital,Pediatrics,"Akron Children's Hospital, Akron",Family Medicine,Aultman Hospital,Psychiatry,"Summa Health, Akron",Elective,Elective,28.4,Akron
91,Emergency Medicine,Mercy St. Elizabeth Youngstown,Surgery,Mercy St. Elizabeth Youngstown,Pediatrics,"Akron Children's Hospital, Akron",Family Medicine,Mercy St. Elizabeth Youngstown,Psychiatry,Mercy St. Elizabeth Youngstown,Obstetrics/Gynecology,Mercy St. Elizabeth Youngstown,Internal Medicine,Mercy St. Elizabeth Youngstown,Internal Medicine,Mercy St. Elizabeth Youngstown,Elective,Elective,50.6,Youngstown
92,Emergency Medicine,"Cleveland Clinic Akron General, Akron",Surgery,"Cleveland Clinic Akron General, Akron",Pediatrics,"Akron Children's Hospital, Akron",Family Medicine,"Cleveland Clinic Akron General, Akron",Internal Medicine,"Cleveland Clinic Akron General, Akron",Internal Medicine,"Cleveland Clinic Akron General, Akron",Obstetrics/Gynecology,"Cleveland Clinic Akron General, Akron",Psychiatry,"Cleveland Clinic Akron General, Akron",Elective,Elective,3.9,Akron
93,Pediatrics,"Akron Children's Hospital, Akron",Obstetrics/Gynecology,Aultman Hospital,Internal Medicine,Aultman/Mercy,Internal Medicine,Aultman/Mercy,Elective,Elective,Psychiatry,UH Cleveland Medical Center,Family Medicine,Aultman Hospital,Emergency Medicine,Aultman Hospital,Surgery,Aultman Hospital,66.5,Canton
94,Elective,Elective,Psychiatry,Mercy St. Elizabeth Youngstown,Internal Medicine,Mercy St. Elizabeth Youngstown,Internal Medicine,Mercy St. Elizabeth Youngstown,Surgery,Mercy St. Elizabeth Youngstown,Emergency Medicine,Mercy St. Elizabeth Youngstown,Pediatrics,"Akron Children's Hospital, Beeghley",Obstetrics/Gynecology,Mercy St. Elizabeth Youngstown,Family Medicine,Mercy St. Elizabeth Youngstown,16.7,Youngstown
95,Internal Medicine,UH Geauga Medical Center,Internal Medicine,UH Geauga Medical Center,Surgery,UH Lake Health West Medical Center,Emergency Medicine,UH Lake Health West Medical Center,Pediatrics,Senders Pediatrics,Elective,Elective,Psychiatry,Louis Stokes Cleveland VA,Family Medicine,UH Lake Health West Medical Center,Obstetrics/Gynecology,UH Ahuja Medical Center,48.3,Eastern Cleveland
96,Surgery,"Summa Health, Akron",Emergency Medicine,"Summa Health, Akron",Elective,Elective,Pediatrics,"Akron Children's Hospital, Akron",Psychiatry,"Summa Health, Akron",Obstetrics/Gynecology,"Summa Health, Akron",Internal Medicine,Western Reserve Hospital,Internal Medicine,Western Reserve Hospital,Family Medicine,"Summa Health, Akron",11.8,Akron
97,Obstetrics/Gynecology,UH St. John Medical Center,Pediatrics,UH Cleveland Medical Center,Family Medicine,UH St. John Medical Center,Psychiatry,Mercy Lorain Hospital,Emergency Medicine,UH St. John Medical Center,Surgery,Cleveland Clinic Fairview Hospital,Internal Medicine,UH St. John Medical Center,Internal Medicine,UH St. John Medical Center,Elective,Elective,47.4,Western Cleveland
98,Pediatrics,"Akron Children's Hospital, Akron",Elective,Elective,Surgery,"Summa Health, Akron",Emergency Medicine,"Summa Health, Akron",Psychiatry,"Summa Health, Akron",Obstetrics/Gynecology,Aultman Hospital,Internal Medicine,UH Parma Medical Center,Internal Medicine,UH Parma Medical Center,Family Medicine,Mercy St. Elizabeth Boardman Hospital,80.7,Akron
99,Family Medicine,"Cleveland Clinic Akron General, Akron",Psychiatry,"Cleveland Clinic Akron General, Akron",Internal Medicine,"Cleveland Clinic Akron General, Akron",Internal Medicine,"Cleveland Clinic Akron General, Akron",Obstetrics/Gynecology,"Cleveland Clinic Akron General, Akron",Pediatrics,"Akron Children's Hospital, Akron",Elective,Elective,Surgery,Western Reserve Hospital,Emergency Medicine,"Cleveland Clinic Akron General, Akron",13.6,Akron
100,Internal Medicine,UH Lake Health West Medical Center,Internal Medicine,UH Lake Health West Medical Center,Elective,Elective,Family Medicine,UH Lake Health West Medical Center,Psychiatry,Louis Stokes Cleveland VA,Pediatrics,Senders Pediatrics,Emergency Medicine,UH Lake Health West Medical Center,Surgery,UH Lake Health West Medical Center,Obstetrics/Gynecology,UH TriPoint Medical Center,30.3,Eastern Cleveland
101,Pediatrics,UH Cleveland Medical Center,Surgery,Cleveland Clinic Fairview Hospital,Emergency Medicine,MetroHealth Medical Center,Family Medicine,MetroHealth Medical Center,Elective,Elective,Obstetrics/Gynecology,UH Ahuja Medical Center,Internal Medicine,Cleveland Clinic Fairview Hospital,Internal Medicine,Cleveland Clinic Fairview Hospital,Psychiatry,UH Cleveland Medical Center,30.7,Western Cleveland
102,Pediatrics,"Akron Children's Hospital, Akron",Obstetrics/Gynecology,"Cleveland Clinic Akron General, Akron",Internal Medicine,UH Geauga Medical Center,Internal Medicine,UH Geauga Medical Center,Elective,Elective,Surgery,"Cleveland Clinic Akron General, Akron",Emergency Medicine,"Cleveland Clinic Akron General, Akron",Family Medicine,"Cleveland Clinic Akron General, Akron",Psychiatry,"Cleveland Clinic Akron General, Akron",58.2,Akron
103,Internal Medicine,"Cleveland Clinic Akron General, Akron",Internal Medicine,"Cleveland Clinic Akron General, Akron",Elective,Elective,Psychiatry,UH Cleveland Medical Center,Obstetrics/Gynecology,"Cleveland Clinic Akron General, Akron",Family Medicine,"Cleveland Clinic Akron General, Akron",Pediatrics,"Akron Children's Hospital, Akron",Surgery,"Cleveland Clinic Akron General, Akron",Emergency Medicine,"Cleveland Clinic Akron General, Akron",46.6,Akron
104,Elective,Elective,Psychiatry,"Cleveland Clinic Akron General, Akron",Family Medicine,"Cleveland Clinic Akron General, Akron",Emergency Medicine,"Cleveland Clinic Akron General, Akron",Surgery,"Cleveland Clinic Akron General, Akron",Obstetrics/Gynecology,"Cleveland Clinic Akron General, Akron",Internal Medicine,"Cleveland Clinic Akron General, Akron",Internal Medicine,"Cleveland Clinic Akron General, Akron",Pediatrics,"Akron Children's Hospital, Akron",3.9,Akron
105,Internal Medicine,Aultman/Mercy,Internal Medicine,Aultman/Mercy,Obstetrics/Gynecology,"Summa Health, Akron",Surgery,"Summa Health, Akron",Emergency Medicine,"Summa Health, Akron",Pediatrics,"Akron Children's Hospital, Akron",Psychiatry,"Summa Health, Akron",Family Medicine,Mercy St. Elizabeth Boardman Hospital,Elective,Elective,67.1,Akron
106,Obstetrics/Gynecology,UH St. John Medical Center,Elective,Elective,Psychiatry,Mercy Lorain Hospital,Family Medicine,UH St. John Medical Center,Internal Medicine,UH St. John Medical Center,Internal Medicine,UH St. John Medical Center,Pediatrics,"Akron Children's Hospital, Akron",Emergency Medicine,UH St. John Medical Center,Surgery,Cleveland Clinic Fairview Hospital,63.7,Western Cleveland
107,Psychiatry,MetroHealth Medical Center,Obstetrics/Gynecology,UH Ahuja Medical Center,Family Medicine,UH St. John Medical Center,Pediatrics,MetroHealth Medical Center,Internal Medicine,UH St. John Medical Center,Internal Medicine,UH St. John Medical Center,Surgery,MetroHealth Medical Center,Emergency Medicine,MetroHealth Medical Center,Elective,Elective,33,Western Cleveland
108,Psychiatry,"Cleveland Clinic Akron General, Akron",Family Medicine,"Cleveland Clinic Akron General, Akron",Internal Medicine,"Cleveland Clinic Akron General, Akron",Internal Medicine,"Cleveland Clinic Akron General, Akron",Pediatrics,"Akron Children's Hospital, Akron",Emergency Medicine,UH Portage Medical Center,Surgery,"Cleveland Clinic Akron General, Akron",Obstetrics/Gynecology,"Cleveland Clinic Akron General, Akron",Elective,Elective,32.4,Akron
109,Surgery,Mercy St. Elizabeth Youngstown,Emergency Medicine,Mercy St. Elizabeth Youngstown,Elective,Elective,Psychiatry,Mercy St. Elizabeth Youngstown,Internal Medicine,Mercy St. Elizabeth Youngstown,Internal Medicine,Mercy St. Elizabeth Youngstown,Obstetrics/Gynecology,Mercy St. Elizabeth Youngstown,Pediatrics,"Akron Children's Hospital, Akron",Family Medicine,Mercy St. Elizabeth Youngstown,50.6,Youngstown
110,Obstetrics/Gynecology,"Cleveland Clinic Akron General, Akron",Pediatrics,"Akron Children's Hospital, Akron",Elective,Elective,Emergency Medicine,"Cleveland Clinic Akron General, Akron",Surgery,"Cleveland Clinic Akron General, Akron",Psychiatry,"Cleveland Clinic Akron General, Akron",Internal Medicine,"Cleveland Clinic Akron General, Akron",Internal Medicine,"Cleveland Clinic Akron General, Akron",Family Medicine,"Cleveland Clinic Akron General, Akron",3.9,Akron
111,Internal Medicine,UH St. John Medical Center,Internal Medicine,UH St. John Medical Center,Pediatrics,UH Cleveland Medical Center,Psychiatry,Mercy Lorain Hospital,Elective,Elective,Surgery,Cleveland Clinic Fairview Hospital,Emergency Medicine,UH St. John Medical Center,Obstetrics/Gynecology,UH St. John Medical Center,Family Medicine,UH St. John Medical Center,47.4,Western Cleveland
112,Elective,Elective,Psychiatry,Louis Stokes Cleveland VA,Obstetrics/Gynecology,UH TriPoint Medical Center,Pediatrics,UH Cleveland Medical Center,Surgery,UH Lake Health West Medical Center,Emergency Medicine,UH Lake Health West Medical Center,Internal Medicine,UH Geauga Medical Center,Internal Medicine,UH Geauga Medical Center,Family Medicine,Mercy St. Elizabeth Boardman Hospital,84.8,Eastern Cleveland
113,Surgery,Aultman Hospital,Emergency Medicine,Cleveland Clinic Union Hospital,Family Medicine,Aultman Hospital,Psychiatry,UH Cleveland Medical Center,Elective,Elective,Pediatrics,"Akron Children's Hospital, Akron",Internal Medicine,Aultman/Mercy,Internal Medicine,Aultman/Mercy,Obstetrics/Gynecology,Aultman Hospital,89.4,Canton
114,Psychiatry,Mercy Lorain Hospital,Family Medicine,UH St. John Medical Center,Obstetrics/Gynecology,UH St. John Medical Center,Surgery,Cleveland Clinic Fairview Hospital,Emergency Medicine,UH Ahuja Medical Center,Pediatrics,"Akron Children's Hospital, Akron",Internal Medicine,UH St. John Medical Center,Internal Medicine,UH St. John Medical Center,Elective,Elective,63.7,Western Cleveland
115,Elective,Elective,Family Medicine,"Summa Health, Barberton",Emergency Medicine,"Cleveland Clinic Akron General, Akron",Surgery,"Summa Health, Akron",Psychiatry,"Summa Health, Akron",Obstetrics/Gynecology,"Cleveland Clinic Akron General, Akron",Internal Medicine,"Summa Health, Akron",Internal Medicine,"Summa Health, Akron",Pediatrics,"Akron Children's Hospital, Akron",15.8,Akron
116,Elective,Elective,Pediatrics,"Akron Children's Hospital, Akron",Internal Medicine,"Summa Health, Akron",Internal Medicine,"Summa Health, Akron",Family Medicine,"Summa Health, Akron",Surgery,Cleveland Clinic Mercy Medical Center (Canton),Emergency Medicine,"Summa Health, Akron",Obstetrics/Gynecology,"Summa Health, Akron",Psychiatry,"Summa Health, Akron",25.5,Akron
117,Elective,Elective,Pediatrics,"Akron Children's Hospital, Akron",Internal Medicine,Aultman/Mercy,Internal Medicine,Aultman/Mercy,Obstetrics/Gynecology,Aultman Hospital,Emergency Medicine,Aultman Hospital,Surgery,Aultman Hospital,Psychiatry,Mercy St. Elizabeth Youngstown,Family Medicine,Aultman Hospital,66.3,Canton
118,Pediatrics,"Akron Children's Hospital, Akron",Obstetrics/Gynecology,Mercy St. Elizabeth Youngstown,Surgery,Cleveland Clinic Mercy Medical Center (Canton),Emergency Medicine,"Summa Health, Akron",Internal Medicine,UH Parma Medical Center,Internal Medicine,UH Parma Medical Center,Psychiatry,"Summa Health, Akron",Elective,Elective,Family Medicine,Mercy St. Elizabeth Youngstown,75.9,Akron
119,Internal Medicine,UH St. John Medical Center,Internal Medicine,UH St. John Medical Center,Pediatrics,UH Cleveland Medical Center,Elective,Elective,Family Medicine,UH St. John Medical Center,Surgery,Cleveland Clinic Fairview Hospital,Emergency Medicine,MetroHealth Medical Center,Obstetrics/Gynecology,UH St. John Medical Center,Psychiatry,Mercy Lorain Hospital,47.4,Western Cleveland
120,Elective,Elective,Pediatrics,"Akron Children's Hospital, Akron",Psychiatry,"Summa Health, Akron",Family Medicine,"Summa Health, Barberton",Internal Medicine,"Summa Health, Akron",Internal Medicine,"Summa Health, Akron",Obstetrics/Gynecology,Aultman Hospital,Emergency Medicine,"Cleveland Clinic Akron General, Akron",Surgery,"Summa Health, Akron",29.6,Akron
121,Elective,Elective,Obstetrics/Gynecology,"Cleveland Clinic Akron General, Akron",Internal Medicine,"Cleveland Clinic Akron General, Akron",Internal Medicine,"Cleveland Clinic Akron General, Akron",Psychiatry,"Cleveland Clinic Akron General, Akron",Pediatrics,"Akron Children's Hospital, Akron",Family Medicine,"Summa Health, Barberton",Surgery,Cleveland Clinic Mercy Medical Center (Canton),Emergency Medicine,"Cleveland Clinic Akron General, Akron",26,Akron
122,Psychiatry,UH Cleveland Medical Center,Emergency Medicine,UH Portage Medical Center,Surgery,"Cleveland Clinic Akron General, Akron",Family Medicine,"Cleveland Clinic Akron General, Akron",Internal Medicine,UH St. John Medical Center,Internal Medicine,UH St. John Medical Center,Obstetrics/Gynecology,"Cleveland Clinic Akron General, Akron",Pediatrics,"Akron Children's Hospital, Akron",Elective,Elective,56.3,Akron
123,Emergency Medicine,"Summa Health, Akron",Surgery,"Summa Health, Akron",Psychiatry,"Summa Health, Akron",Pediatrics,"Akron Children's Hospital, Akron",Family Medicine,Mercy St. Elizabeth Boardman Hospital,Obstetrics/Gynecology,Aultman Hospital,Internal Medicine,"Summa Health, Akron",Internal Medicine,"Summa Health, Akron",Elective,Elective,67.1,Akron
124,Elective,Elective,Pediatrics,"Akron Children's Hospital, Beeghley",Obstetrics/Gynecology,Mercy St. Elizabeth Youngstown,Family Medicine,Mercy St. Elizabeth Youngstown,Internal Medicine,Mercy St. Elizabeth Youngstown,Internal Medicine,Mercy St. Elizabeth Youngstown,Emergency Medicine,Mercy St. Elizabeth Youngstown,Surgery,Mercy St. Elizabeth Youngstown,Psychiatry,Mercy St. Elizabeth Youngstown,16.7,Youngstown
125,Elective,Elective,Obstetrics/Gynecology,UH St. John Medical Center,Pediatrics,UH Cleveland Medical Center,Family Medicine,UH St. John Medical Center,Internal Medicine,UH St. John Medical Center,Internal Medicine,UH St. John Medical Center,Psychiatry,Mercy Lorain Hospital,Surgery,Cleveland Clinic Fairview Hospital,Emergency Medicine,UH St. John Medical Center,47.4,Western Cleveland
126,Internal Medicine,Cleveland Clinic Fairview Hospital,Internal Medicine,Cleveland Clinic Fairview Hospital,Elective,Elective,Emergency Medicine,MetroHealth Medical Center,Surgery,Louis Stokes Cleveland VA,Psychiatry,Louis Stokes Cleveland VA,Family Medicine,MetroHealth Medical Center,Pediatrics,Senders Pediatrics,Obstetrics/Gynecology,UH St. John Medical Center,38.8,Western Cleveland
127,Family Medicine,Mercy St. Elizabeth Boardman Hospital,Obstetrics/Gynecology,"Summa Health, Akron",Emergency Medicine,"Summa Health, Akron",Surgery,"Summa Health, Akron",Internal Medicine,"Summa Health, Akron",Internal Medicine,"Summa Health, Akron",Psychiatry,Bluestone Child and Adolescent Psychiatric Hospital,Elective,Elective,Pediatrics,"Akron Children's Hospital, Akron",72.7,Akron
128,Elective,Elective,Family Medicine,UH Lake Health West Medical Center,Psychiatry,Louis Stokes Cleveland VA,Obstetrics/Gynecology,UH TriPoint Medical Center,Emergency Medicine,UH Lake Health West Medical Center,Surgery,Louis Stokes Cleveland VA,Internal Medicine,Cleveland Clinic Fairview Hospital,Internal Medicine,Cleveland Clinic Fairview Hospital,Pediatrics,UH Cleveland Medical Center,43.8,Western Cleveland
129,Family Medicine,UH Lake Health West Medical Center,Emergency Medicine,UH Lake Health West Medical Center,Surgery,Louis Stokes Cleveland VA,Elective,Elective,Obstetrics/Gynecology,UH TriPoint Medical Center,Pediatrics,UH Cleveland Medical Center,Internal Medicine,MetroHealth Medical Center,Internal Medicine,MetroHealth Medical Center,Psychiatry,Louis Stokes Cleveland VA,35.4,Eastern Cleveland
130,Obstetrics/Gynecology,OhioHealth Riverside Methodist Hospital,Pediatrics,MetroHealth Medical Center,Internal Medicine,UH St. John Medical Center,Internal Medicine,UH St. John Medical Center,Family Medicine,MetroHealth Medical Center,Psychiatry,MetroHealth Medical Center,Surgery,Cleveland Clinic Fairview Hospital,Emergency Medicine,MetroHealth Medical Center,Elective,Elective,126.8,Western Cleveland
131,Internal Medicine,UH Parma Medical Center,Internal Medicine,UH Parma Medical Center,Family Medicine,UH Lake Health West Medical Center,Pediatrics,"Akron Children's Hospital, Akron",Obstetrics/Gynecology,"Summa Health, Akron",Psychiatry,"Summa Health, Akron",Emergency Medicine,"Summa Health, Akron",Surgery,Aultman Hospital,Elective,Elective,66.7,Akron
132,Elective,Elective,Pediatrics,"Akron Children's Hospital, Akron",Internal Medicine,Western Reserve Hospital,Internal Medicine,Western Reserve Hospital,Emergency Medicine,"Summa Health, Akron",Surgery,Western Reserve Hospital,Family Medicine,"Summa Health, Barberton",Psychiatry,Bluestone Child and Adolescent Psychiatric Hospital,Obstetrics/Gynecology,Aultman Hospital,58.3,Akron
133,Pediatrics,"Akron Children's Hospital, Akron",Obstetrics/Gynecology,Aultman Hospital,Internal Medicine,Aultman/Mercy,Internal Medicine,Aultman/Mercy,Elective,Elective,Family Medicine,Mercy St. Elizabeth Boardman Hospital,Surgery,"Summa Health, Akron",Emergency Medicine,"Summa Health, Akron",Psychiatry,"Summa Health, Akron",67.1,Akron
134,Internal Medicine,"Cleveland Clinic Akron General, Akron",Internal Medicine,"Cleveland Clinic Akron General, Akron",Elective,Elective,Pediatrics,"Akron Children's Hospital, Akron",Family Medicine,"Cleveland Clinic Akron General, Akron",Psychiatry,Louis Stokes Cleveland VA,Obstetrics/Gynecology,"Cleveland Clinic Akron General, Akron",Emergency Medicine,"Cleveland Clinic Akron General, Akron",Surgery,"Cleveland Clinic Akron General, Akron",46.4,Akron
135,Surgery,"Cleveland Clinic Akron General, Akron",Emergency Medicine,"Cleveland Clinic Akron General, Akron",Internal Medicine,MetroHealth Medical Center,Internal Medicine,MetroHealth Medical Center,Pediatrics,"Akron Children's Hospital, Akron",Elective,Elective,Family Medicine,"Cleveland Clinic Akron General, Akron",Psychiatry,"Cleveland Clinic Akron General, Akron",Obstetrics/Gynecology,"Cleveland Clinic Akron General, Akron",41.4,Akron
136,Family Medicine,Aultman Hospital,Psychiatry,"Summa Health, Akron",Pediatrics,"Akron Children's Hospital, Akron",Elective,Elective,Emergency Medicine,"Summa Health, Akron",Surgery,Cleveland Clinic Mercy Medical Center (Canton),Internal Medicine,"Summa Health, Akron",Internal Medicine,"Summa Health, Akron",Obstetrics/Gynecology,"Summa Health, Akron",26.9,Akron
137,Elective,Elective,Psychiatry,"Summa Health, Akron",Surgery,Cleveland Clinic Mercy Medical Center (Canton),Emergency Medicine,"Summa Health, Akron",Internal Medicine,Cleveland Clinic Fairview Hospital,Internal Medicine,Cleveland Clinic Fairview Hospital,Family Medicine,Mercy St. Elizabeth Boardman Hospital,Pediatrics,"Akron Children's Hospital, Akron",Obstetrics/Gynecology,"Summa Health, Akron",83.6,Akron
138,Emergency Medicine,"Cleveland Clinic Akron General, Akron",Surgery,"Cleveland Clinic Akron General, Akron",Family Medicine,"Cleveland Clinic Akron General, Akron",Pediatrics,"Akron Children's Hospital, Akron",Internal Medicine,"Cleveland Clinic Akron General, Akron",Internal Medicine,"Cleveland Clinic Akron General, Akron",Elective,Elective,Psychiatry,"Cleveland Clinic Akron General, Akron",Obstetrics/Gynecology,"Cleveland Clinic Akron General, Akron",3.9,Akron
139,Pediatrics,UH Cleveland Medical Center,Psychiatry,Mercy Lorain Hospital,Elective,Elective,Obstetrics/Gynecology,UH St. John Medical Center,Internal Medicine,UH St. John Medical Center,Internal Medicine,UH St. John Medical Center,Family Medicine,UH St. John Medical Center,Emergency Medicine,UH St. John Medical Center,Surgery,Cleveland Clinic Fairview Hospital,47.4,Western Cleveland
140,Internal Medicine,UH Parma Medical Center,Internal Medicine,UH Parma Medical Center,Family Medicine,Mercy St. Elizabeth Boardman Hospital,Obstetrics/Gynecology,Aultman Hospital,Psychiatry,Bluestone Child and Adolescent Psychiatric Hospital,Emergency Medicine,"Summa Health, Akron",Surgery,"Summa Health, Akron",Elective,Elective,Pediatrics,"Akron Children's Hospital, Akron",80.7,Akron
141,Pediatrics,"Akron Children's Hospital, Akron",Obstetrics/Gynecology,Aultman Hospital,Emergency Medicine,"Cleveland Clinic Akron General, Akron",Surgery,"Cleveland Clinic Akron General, Akron",Family Medicine,"Cleveland Clinic Akron General, Akron",Psychiatry,"Cleveland Clinic Akron General, Akron",Internal Medicine,"Cleveland Clinic Akron General, Akron",Internal Medicine,"Cleveland Clinic Akron General, Akron",Elective,Elective,28.4,Akron
142,Emergency Medicine,"Cleveland Clinic Akron General, Akron",Surgery,UH Cleveland Medical Center,Internal Medicine,Aultman/Mercy,Internal Medicine,Aultman/Mercy,Elective,Elective,Pediatrics,"Akron Children's Hospital, Akron",Psychiatry,"Cleveland Clinic Akron General, Akron",Family Medicine,"Cleveland Clinic Akron General, Akron",Obstetrics/Gynecology,"Cleveland Clinic Akron General, Akron",66.5,Akron
143,Internal Medicine,Aultman/Mercy,Internal Medicine,Aultman/Mercy,Pediatrics,"Akron Children's Hospital, Akron",Family Medicine,Aultman Hospital,Elective,Elective,Surgery,Aultman Hospital,Emergency Medicine,Aultman Hospital,Obstetrics/Gynecology,Aultman Hospital,Psychiatry,Northcoast Behavioral Health,50.3,Canton
144,Emergency Medicine,"Cleveland Clinic Akron General, Akron",Surgery,"Cleveland Clinic Akron General, Akron",Obstetrics/Gynecology,OhioHealth Riverside Methodist Hospital,Family Medicine,"Summa Health, Barberton",Pediatrics,"Akron Children's Hospital, Akron",Elective,Elective,Internal Medicine,"Cleveland Clinic Akron General, Akron",Internal Medicine,"Cleveland Clinic Akron General, Akron",Psychiatry,"Cleveland Clinic Akron General, Akron",111.3,Akron
145,Internal Medicine,Cleveland Clinic Fairview Hospital,Internal Medicine,Cleveland Clinic Fairview Hospital,Psychiatry,UH Cleveland Medical Center,Surgery,Cleveland Clinic Fairview Hospital,Emergency Medicine,MetroHealth Medical Center,Family Medicine,UH St. John Medical Center,Obstetrics/Gynecology,UH St. John Medical Center,Pediatrics,UH Cleveland Medical Center,Elective,Elective,34.1,Western Cleveland
146,Elective,Elective,Pediatrics,"Akron Children's Hospital, Akron",Internal Medicine,"Summa Health, Akron",Internal Medicine,"Summa Health, Akron",Psychiatry,"Summa Health, Akron",Obstetrics/Gynecology,Aultman Hospital,Family Medicine,"Summa Health, Akron",Emergency Medicine,UH Portage Medical Center,Surgery,"Summa Health, Akron",47.8,Akron
147,Elective,Elective,Psychiatry,Bluestone Child and Adolescent Psychiatric Hospital,Internal Medicine,UH Geauga Medical Center,Internal Medicine,UH Geauga Medical Center,Family Medicine,UH Lake Health West Medical Center,Obstetrics/Gynecology,UH TriPoint Medical Center,Surgery,UH Cleveland Medical Center,Emergency Medicine,UH Ahuja Medical Center,Pediatrics,Senders Pediatrics,53.3,Eastern Cleveland
148,Internal Medicine,"Summa Health, Akron",Internal Medicine,"Summa Health, Akron",Pediatrics,"Akron Children's Hospital, Akron",Elective,Elective,Obstetrics/Gynecology,"Cleveland Clinic Akron General, Akron",Surgery,Aultman Hospital,Emergency Medicine,"Cleveland Clinic Akron General, Akron",Family Medicine,"Cleveland Clinic Akron General, Akron",Psychiatry,"Summa Health, Akron",28.4,Akron
149,Emergency Medicine,MetroHealth Medical Center,Surgery,MetroHealth Medical Center,Obstetrics/Gynecology,UH Ahuja Medical Center,Psychiatry,MetroHealth Medical Center,Pediatrics,UH Cleveland Medical Center,Family Medicine,MetroHealth Medical Center,Internal Medicine,Cleveland Clinic Fairview Hospital,Internal Medicine,Cleveland Clinic Fairview Hospital,Elective,Elective,30.7,Western Cleveland
150,Obstetrics/Gynecology,Aultman Hospital,Family Medicine,"Summa Health, Barberton",Elective,Elective,Psychiatry,Bluestone Child and Adolescent Psychiatric Hospital,Internal Medicine,"Summa Health, Akron",Internal Medicine,"Summa Health, Akron",Surgery,"Summa Health, Akron",Emergency Medicine,UH Ahuja Medical Center,Pediatrics,"Akron Children's Hospital, Akron",58.3,Akron
151,Elective,Elective,Surgery,Cleveland Clinic Mercy Medical Center (Canton),Emergency Medicine,"Summa Health, Akron",Obstetrics/Gynecology,"Summa Health, Akron",Family Medicine,"Summa Health, Akron",Psychiatry,"Summa Health, Akron",Internal Medicine,"Summa Health, Akron",Internal Medicine,"Summa Health, Akron",Pediatrics,"Akron Children's Hospital, Akron",25.5,Akron
152,Obstetrics/Gynecology,Mercy St. Elizabeth Youngstown,Family Medicine,Mercy St. Elizabeth Youngstown,Psychiatry,Mercy St. Elizabeth Youngstown,Pediatrics,"Akron Children's Hospital, Beeghley",Internal Medicine,Mercy St. Elizabeth Youngstown,Internal Medicine,Mercy St. Elizabeth Youngstown,Elective,Elective,Emergency Medicine,Mercy St. Elizabeth Youngstown,Surgery,Mercy St. Elizabeth Youngstown,16.7,Youngstown
153,Internal Medicine,"Summa Health, Akron",Internal Medicine,"Summa Health, Akron",Psychiatry,Bluestone Child and Adolescent Psychiatric Hospital,Emergency Medicine,"Cleveland Clinic Akron General, Akron",Surgery,Cleveland Clinic Mercy Medical Center (Canton),Family Medicine,"Summa Health, Akron",Pediatrics,"Akron Children's Hospital, Akron",Obstetrics/Gynecology,Aultman Hospital,Elective,Elective,58.3,Akron
154,Surgery,"Summa Health, Akron",Emergency Medicine,"Summa Health, Akron",Internal Medicine,"Summa Health, Akron",Internal Medicine,"Summa Health, Akron",Pediatrics,"Akron Children's Hospital, Akron",Family Medicine,Mercy St. Elizabeth Youngstown,Obstetrics/Gynecology,Aultman Hospital,Psychiatry,UH Cleveland Medical Center,Elective,Elective,78.5,Akron
155,Psychiatry,"Summa Health, Akron",Family Medicine,Mercy St. Elizabeth Youngstown,Internal Medicine,"Summa Health, Akron",Internal Medicine,"Summa Health, Akron",Surgery,"Cleveland Clinic Akron General, Akron",Emergency Medicine,UH Ahuja Medical Center,Obstetrics/Gynecology,Aultman Hospital,Pediatrics,"Akron Children's Hospital, Akron",Elective,Elective,66.3,Akron
156,Elective,Elective,Family Medicine,Aultman Hospital,Internal Medicine,Western Reserve Hospital,Internal Medicine,Western Reserve Hospital,Surgery,"Summa Health, Akron",Emergency Medicine,UH Ahuja Medical Center,Obstetrics/Gynecology,OhioHealth Riverside Methodist Hospital,Pediatrics,"Akron Children's Hospital, Akron",Psychiatry,Bluestone Child and Adolescent Psychiatric Hospital,132.4,Akron
157,Elective,Elective,Family Medicine,"Summa Health, Akron",Emergency Medicine,"Summa Health, Akron",Surgery,Cleveland Clinic Mercy Medical Center (Canton),Internal Medicine,"Summa Health, Akron",Internal Medicine,"Summa Health, Akron",Obstetrics/Gynecology,Aultman Hospital,Pediatrics,"Akron Children's Hospital, Akron",Psychiatry,"Summa Health, Akron",26.9,Akron
158,Pediatrics,"Akron Children's Hospital, Akron",Surgery,Aultman Hospital,Emergency Medicine,"Cleveland Clinic Akron General, Akron",Obstetrics/Gynecology,"Cleveland Clinic Akron General, Akron",Family Medicine,"Cleveland Clinic Akron General, Akron",Psychiatry,"Cleveland Clinic Akron General, Akron",Internal Medicine,"Cleveland Clinic Akron General, Akron",Internal Medicine,"Cleveland Clinic Akron General, Akron",Elective,Elective,28.4,Akron
159,Internal Medicine,"Summa Health, Akron",Internal Medicine,"Summa Health, Akron",Obstetrics/Gynecology,Aultman Hospital,Pediatrics,"Akron Children's Hospital, Akron",Family Medicine,Aultman Hospital,Surgery,"Summa Health, Akron",Emergency Medicine,"Cleveland Clinic Akron General, Akron",Psychiatry,"Summa Health, Akron",Elective,Elective,28.4,Akron
160,Pediatrics,"Akron Children's Hospital, Akron",Psychiatry,"Cleveland Clinic Akron General, Akron",Family Medicine,Mercy St. Elizabeth Boardman Hospital,Elective,Elective,Internal Medicine,"Cleveland Clinic Akron General, Akron",Internal Medicine,"Cleveland Clinic Akron General, Akron",Obstetrics/Gynecology,"Cleveland Clinic Akron General, Akron",Surgery,"Cleveland Clinic Akron General, Akron",Emergency Medicine,"Cleveland Clinic Akron General, Akron",57.8,Akron
161,Family Medicine,Mercy St. Elizabeth Youngstown,Elective,Elective,Surgery,Mercy St. Elizabeth Youngstown,Emergency Medicine,Mercy St. Elizabeth Youngstown,Obstetrics/Gynecology,Mercy St. Elizabeth Youngstown,Psychiatry,Mercy St. Elizabeth Youngstown,Internal Medicine,Mercy St. Elizabeth Youngstown,Internal Medicine,Mercy St. Elizabeth Youngstown,Pediatrics,"Akron Children's Hospital, Beeghley",16.7,Youngstown
162,Pediatrics,"Akron Children's Hospital, Akron",Family Medicine,"Cleveland Clinic Akron General, Akron",Emergency Medicine,"Cleveland Clinic Akron General, Akron",Surgery,"Cleveland Clinic Akron General, Akron",Internal Medicine,"Cleveland Clinic Akron General, Akron",Internal Medicine,"Cleveland Clinic Akron General, Akron",Elective,Elective,Obstetrics/Gynecology,"Cleveland Clinic Akron General, Akron",Psychiatry,"Cleveland Clinic Akron General, Akron",3.9,Akron
163,Family Medicine,Mount Carmel Health System,Pediatrics,"Akron Children's Hospital, Akron",Internal Medicine,OhioHealth Riverside Methodist Hospital,Internal Medicine,OhioHealth Riverside Methodist Hospital,Psychiatry,Columbus VA Clinic,Obstetrics/Gynecology,OhioHealth Riverside Methodist Hospital,Elective,Elective,Surgery,OhioHealth Riverside Methodist Hospital,Emergency Medicine,Columbus VA Clinic,115.5,Columbus
164,Internal Medicine,"Summa Health, Akron",Internal Medicine,"Summa Health, Akron",Pediatrics,"Akron Children's Hospital, Akron",Family Medicine,Aultman Hospital,Obstetrics/Gynecology,Aultman Hospital,Elective,Elective,Psychiatry,Northcoast Behavioral Health,Surgery,"Summa Health, Akron",Emergency Medicine,"Summa Health, Akron",50.3,Akron
165,Internal Medicine,"Cleveland Clinic Akron General, Akron",Internal Medicine,"Cleveland Clinic Akron General, Akron",Obstetrics/Gynecology,"Cleveland Clinic Akron General, Akron",Psychiatry,Louis Stokes Cleveland VA,Elective,Elective,Family Medicine,"Cleveland Clinic Akron General, Akron",Emergency Medicine,"Cleveland Clinic Akron General, Akron",Surgery,Aultman Hospital,Pediatrics,"Akron Children's Hospital, Akron",66.2,Akron
166,Emergency Medicine,"Summa Health, Akron",Surgery,Aultman Hospital,Elective,Elective,Psychiatry,"Summa Health, Akron",Internal Medicine,Western Reserve Hospital,Internal Medicine,Western Reserve Hospital,Family Medicine,"Summa Health, Barberton",Obstetrics/Gynecology,"Summa Health, Akron",Pediatrics,"Akron Children's Hospital, Akron",33,Akron
167,Emergency Medicine,"Cleveland Clinic Akron General, Akron",Surgery,Aultman Hospital,Internal Medicine,"Cleveland Clinic Akron General, Akron",Internal Medicine,"Cleveland Clinic Akron General, Akron",Psychiatry,UH Cleveland Medical Center,Pediatrics,"Akron Children's Hospital, Akron",Family Medicine,"Cleveland Clinic Akron General, Akron",Obstetrics/Gynecology,Aultman Hospital,Elective,Elective,66.5,Akron
168,Pediatrics,UH Cleveland Medical Center,Elective,Elective,Surgery,MetroHealth Medical Center,Emergency Medicine,UH Ahuja Medical Center,Internal Medicine,UH St. John Medical Center,Internal Medicine,UH St. John Medical Center,Family Medicine,MetroHealth Medical Center,Obstetrics/Gynecology,UH Ahuja Medical Center,Psychiatry,MetroHealth Medical Center,34.1,Eastern Cleveland
169,Elective,Elective,Pediatrics,UH Cleveland Medical Center,Internal Medicine,Cleveland Clinic Fairview Hospital,Internal Medicine,Cleveland Clinic Fairview Hospital,Surgery,Cleveland Clinic Fairview Hospital,Emergency Medicine,MetroHealth Medical Center,Psychiatry,UH Cleveland Medical Center,Family Medicine,UH St. John Medical Center,Obstetrics/Gynecology,UH St. John Medical Center,34.1,Western Cleveland
170,Obstetrics/Gynecology,Mercy St. Elizabeth Youngstown,Psychiatry,Mercy St. Elizabeth Youngstown,Internal Medicine,Mercy St. Elizabeth Youngstown,Internal Medicine,Mercy St. Elizabeth Youngstown,Pediatrics,"Akron Children's Hospital, Beeghley",Surgery,Mercy St. Elizabeth Youngstown,Emergency Medicine,Mercy St. Elizabeth Youngstown,Family Medicine,Mercy St. Elizabeth Youngstown,Elective,Elective,16.7,Youngstown
171,Internal Medicine,Cleveland Clinic Fairview Hospital,Internal Medicine,Cleveland Clinic Fairview Hospital,Obstetrics/Gynecology,UH Ahuja Medical Center,Family Medicine,MetroHealth Medical Center,Elective,Elective,Emergency Medicine,MetroHealth Medical Center,Surgery,Cleveland Clinic Fairview Hospital,Psychiatry,Louis Stokes Cleveland VA,Pediatrics,UH Cleveland Medical Center,30.7,Western Cleveland
172,Elective,Elective,Obstetrics/Gynecology,OhioHealth Riverside Methodist Hospital,Surgery,OhioHealth Riverside Methodist Hospital,Emergency Medicine,Columbus VA Clinic,Internal Medicine,OhioHealth Riverside Methodist Hospital,Internal Medicine,OhioHealth Riverside Methodist Hospital,Pediatrics,"Akron Children's Hospital, Akron",Psychiatry,Columbus VA Clinic,Family Medicine,Mount Carmel Health System,115.5,Columbus
173,Surgery,"Cleveland Clinic Akron General, Akron",Emergency Medicine,"Summa Health, Akron",Internal Medicine,"Summa Health, Akron",Internal Medicine,"Summa Health, Akron",Family Medicine,Mercy St. Elizabeth Boardman Hospital,Obstetrics/Gynecology,Aultman Hospital,Psychiatry,"Summa Health, Akron",Pediatrics,"Akron Children's Hospital, Akron",Elective,Elective,67.1,Akron
174,Obstetrics/Gynecology,UH Ahuja Medical Center,Psychiatry,Louis Stokes Cleveland VA,Surgery,Cleveland Clinic Fairview Hospital,Emergency Medicine,MetroHealth Medical Center,Family Medicine,MetroHealth Medical Center,Pediatrics,UH Cleveland Medical Center,Internal Medicine,UH St. John Medical Center,Internal Medicine,UH St. John Medical Center,Elective,Elective,34.1,Western Cleveland
175,Emergency Medicine,UH Ahuja Medical Center,Surgery,Cleveland Clinic Fairview Hospital,Pediatrics,MetroHealth Medical Center,Psychiatry,UH Cleveland Medical Center,Internal Medicine,Cleveland Clinic Fairview Hospital,Internal Medicine,Cleveland Clinic Fairview Hospital,Obstetrics/Gynecology,UH St. John Medical Center,Family Medicine,UH St. John Medical Center,Elective,Elective,34.1,Western Cleveland
176,Internal Medicine,Mercy St. Elizabeth Youngstown,Internal Medicine,Mercy St. Elizabeth Youngstown,Family Medicine,Mercy St. Elizabeth Youngstown,Psychiatry,Mercy St. Elizabeth Youngstown,Obstetrics/Gynecology,UH Ahuja Medical Center,Elective,Elective,Pediatrics,"Akron Children's Hospital, Beeghley",Surgery,Mercy St. Elizabeth Youngstown,Emergency Medicine,Mercy St. Elizabeth Youngstown,69.5,Youngstown
177,Elective,Elective,Obstetrics/Gynecology,Aultman Hospital,Internal Medicine,Cleveland Clinic Fairview Hospital,Internal Medicine,Cleveland Clinic Fairview Hospital,Emergency Medicine,MetroHealth Medical Center,Surgery,UH Cleveland Medical Center,Family Medicine,UH Lake Health West Medical Center,Psychiatry,MetroHealth Medical Center,Pediatrics,"Akron Children's Hospital, Akron",69.5,Western Cleveland
178,Surgery,Cleveland Clinic Fairview Hospital,Emergency Medicine,MetroHealth Medical Center,Pediatrics,MetroHealth Medical Center,Family Medicine,MetroHealth Medical Center,Internal Medicine,Cleveland Clinic Fairview Hospital,Internal Medicine,Cleveland Clinic Fairview Hospital,Elective,Elective,Psychiatry,Louis Stokes Cleveland VA,Obstetrics/Gynecology,UH Ahuja Medical Center,30.7,Western Cleveland
179,Internal Medicine,Aultman/Mercy,Internal Medicine,Aultman/Mercy,Pediatrics,"Akron Children's Hospital, Akron",Elective,Elective,Surgery,Aultman Hospital,Emergency Medicine,Aultman Hospital,Psychiatry,Mercy St. Elizabeth Youngstown,Obstetrics/Gynecology,Aultman Hospital,Family Medicine,Aultman Hospital,66.3,Canton
180,Surgery,UH Lake Health West Medical Center,Emergency Medicine,UH Ahuja Medical Center,Internal Medicine,UH Geauga Medical Center,Internal Medicine,UH Geauga Medical Center,Pediatrics,"Akron Children's Hospital, Akron",Psychiatry,Bluestone Child and Adolescent Psychiatric Hospital,Family Medicine,UH Lake Health West Medical Center,Obstetrics/Gynecology,OhioHealth Riverside Methodist Hospital,Elective,Elective,149.3,Eastern Cleveland
181,Internal Medicine,UH Geauga Medical Center,Internal Medicine,UH Geauga Medical Center,Family Medicine,MetroHealth Medical Center,Pediatrics,"Akron Children's Hospital, Akron",Obstetrics/Gynecology,OhioHealth Riverside Methodist Hospital,Psychiatry,UH Cleveland Medical Center,Emergency Medicine,MetroHealth Medical Center,Surgery,Cleveland Clinic Fairview Hospital,Elective,Elective,149.3,Eastern Cleveland
182,Obstetrics/Gynecology,Christ Hospital,Psychiatry,Christ Hospital,Internal Medicine,Christ Hospital,Internal Medicine,Christ Hospital,Emergency Medicine,Christ Hospital,Surgery,Christ Hospital,Pediatrics,Christ Hospital,Family Medicine,Christ Hospital,Elective,Elective,0,Cincinnati
183,Family Medicine,Christ Hospital,Pediatrics,Christ Hospital,Obstetrics/Gynecology,Christ Hospital,Emergency Medicine,Christ Hospital,Surgery,Christ Hospital,Elective,Elective,Internal Medicine,Christ Hospital,Internal Medicine,Christ Hospital,Psychiatry,Christ Hospital,0,Cincinnati
184,Pediatrics,Christ Hospital,Elective,Elective,Psychiatry,Christ Hospital,Obstetrics/Gynecology,Christ Hospital,Surgery,Christ Hospital,Emergency Medicine,Christ Hospital,Internal Medicine,Christ Hospital,Internal Medicine,Christ Hospital,Family Medicine,Christ Hospital,0,Cincinnati
185,Pediatrics,Christ Hospital,Family Medicine,Christ Hospital,Emergency Medicine,Christ Hospital,Surgery,Christ Hospital,Internal Medicine,Christ Hospital,Internal Medicine,Christ Hospital,Obstetrics/Gynecology,Christ Hospital,Psychiatry,Christ Hospital,Elective,Elective,0,Cincinnati
186,Internal Medicine,Christ Hospital,Internal Medicine,Christ Hospital,Pediatrics,Christ Hospital,Obstetrics/Gynecology,Christ Hospital,Elective,Elective,Family Medicine,Christ Hospital,Psychiatry,Christ Hospital,Emergency Medicine,Christ Hospital,Surgery,Christ Hospital,0,Cincinnati
187,Obstetrics/Gynecology,Christ Hospital,Family Medicine,Christ Hospital,Internal Medicine,Christ Hospital,Internal Medicine,Christ Hospital,Emergency Medicine,Christ Hospital,Surgery,Christ Hospital,Psychiatry,Christ Hospital,Elective,Elective,Pediatrics,Christ Hospital,0,Cincinnati
188,Elective,Elective,Obstetrics/Gynecology,Christ Hospital,Internal Medicine,Christ Hospital,Internal Medicine,Christ Hospital,Pediatrics,Christ Hospital,Psychiatry,Christ Hospital,Family Medicine,Christ Hospital,Emergency Medicine,Christ Hospital,Surgery,Christ Hospital,0,Cincinnati
189,Internal Medicine,Christ Hospital,Internal Medicine,Christ Hospital,Obstetrics/Gynecology,Christ Hospital,Elective,Elective,Pediatrics,Christ Hospital,Psychiatry,Christ Hospital,Emergency Medicine,Christ Hospital,Surgery,Christ Hospital,Family Medicine,Christ Hospital,0,Cincinnati
190,Elective,Elective,Psychiatry,Christ Hospital,Internal Medicine,Christ Hospital,Internal Medicine,Christ Hospital,Obstetrics/Gynecology,Christ Hospital,Family Medicine,Christ Hospital,Emergency Medicine,Christ Hospital,Surgery,Christ Hospital,Pediatrics,Christ Hospital,0,Cincinnati
191,Internal Medicine,Christ Hospital,Internal Medicine,Christ Hospital,Emergency Medicine,Christ Hospital,Surgery,Christ Hospital,Psychiatry,Christ Hospital,Obstetrics/Gynecology,Christ Hospital,Family Medicine,Christ Hospital,Pediatrics,Christ Hospital,Elective,Elective,0,Cincinnati
192,Emergency Medicine,Christ Hospital,Surgery,Christ Hospital,Obstetrics/Gynecology,Christ Hospital,Psychiatry,Christ Hospital,Internal Medicine,Christ Hospital,Internal Medicine,Christ Hospital,Elective,Elective,Family Medicine,Christ Hospital,Pediatrics,Christ Hospital,0,Cincinnati
193,Internal Medicine,Christ Hospital,Internal Medicine,Christ Hospital,Surgery,Christ Hospital,Emergency Medicine,Christ Hospital,Family Medicine,Christ Hospital,Pediatrics,Christ Hospital,Psychiatry,Christ Hospital,Obstetrics/Gynecology,Christ Hospital,Elective,Elective,0,Cincinnati
194,Family Medicine,Christ Hospital,Obstetrics/Gynecology,Christ Hospital,Pediatrics,Christ Hospital,Psychiatry,Christ Hospital,Emergency Medicine,Christ Hospital,Surgery,Christ Hospital,Internal Medicine,Christ Hospital,Internal Medicine,Christ Hospital,Elective,Elective,0,Cincinnati
195,Emergency Medicine,Christ Hospital,Surgery,Christ Hospital,Internal Medicine,Christ Hospital,Internal Medicine,Christ Hospital,Pediatrics,Christ Hospital,Elective,Elective,Family Medicine,Christ Hospital,Psychiatry,Christ Hospital,Obstetrics/Gynecology,Christ Hospital,0,Cincinnati
196,Psychiatry,Christ Hospital,Emergency Medicine,Christ Hospital,Surgery,Christ Hospital,Pediatrics,Christ Hospital,Family Medicine,Christ Hospital,Obstetrics/Gynecology,Christ Hospital,Internal Medicine,Christ Hospital,Internal Medicine,Christ Hospital,Elective,Elective,0,Cincinnati
197,Family Medicine,Christ Hospital,Psychiatry,Christ Hospital,Surgery,Christ Hospital,Emergency Medicine,Christ Hospital,Internal Medicine,Christ Hospital,Internal Medicine,Christ Hospital,Elective,Elective,Pediatrics,Christ Hospital,Obstetrics/Gynecology,Christ Hospital,0,Cincinnati
198,Psychiatry,Christ Hospital,Pediatrics,Christ Hospital,Elective,Elective,Family Medicine,Christ Hospital,Internal Medicine,Christ Hospital,Internal Medicine,Christ Hospital,Obstetrics/Gynecology,Christ Hospital,Surgery,Christ Hospital,Emergency Medicine,Christ Hospital,0,Cincinnati
199,Internal Medicine,Christ Hospital,Internal Medicine,Christ Hospital,Emergency Medicine,Christ Hospital,Surgery,Christ Hospital,Family Medicine,Christ Hospital,Pediatrics,Christ Hospital,Obstetrics/Gynecology,Christ Hospital,Elective,Elective,Psychiatry,Christ Hospital,0,Cincinnati
200,Psychiatry,Christ Hospital,Pediatrics,Christ Hospital,Elective,Elective,Obstetrics/Gynecology,Christ Hospital,Internal Medicine,Christ Hospital,Internal Medicine,Christ Hospital,Surgery,Christ Hospital,Emergency Medicine,Christ Hospital,Family Medicine,Christ Hospital,0,Cincinnati
201,Surgery,Christ Hospital,Emergency Medicine,Christ Hospital,Psychiatry,Christ Hospital,Family Medicine,Christ Hospital,Internal Medicine,Christ Hospital,Internal Medicine,Christ Hospital,Elective,Elective,Pediatrics,Christ Hospital,Obstetrics/Gynecology,Christ Hospital,0,Cincinnati
202,Internal Medicine,Christ Hospital,Internal Medicine,Christ Hospital,Family Medicine,Christ Hospital,Pediatrics,Christ Hospital,Obstetrics/Gynecology,Christ Hospital,Emergency Medicine,Christ Hospital,Surgery,Christ Hospital,Psychiatry,Christ Hospital,Elective,Elective,0,Cincinnati
203,Emergency Medicine,Christ Hospital,Surgery,Christ Hospital,Internal Medicine,Christ Hospital,Internal Medicine,Christ Hospital,Obstetrics/Gynecology,Christ Hospital,Psychiatry,Christ Hospital,Pediatrics,Christ Hospital,Family Medicine,Christ Hospital,Elective,Elective,0,Cincinnati
204,Obstetrics/Gynecology,Christ Hospital,Family Medicine,Christ Hospital,Psychiatry,Christ Hospital,Emergency Medicine,Christ Hospital,Surgery,Christ Hospital,Pediatrics,Christ Hospital,Internal Medicine,Christ Hospital,Internal Medicine,Christ Hospital,Elective,Elective,0,Cincinnati
205,Surgery,Christ Hospital,Emergency Medicine,Christ Hospital,Family Medicine,Christ Hospital,Psychiatry,Christ Hospital,Internal Medicine,Christ Hospital,Internal Medicine,Christ Hospital,Pediatrics,Christ Hospital,Obstetrics/Gynecology,Christ Hospital,Elective,Elective,0,Cincinnati
206,Pediatrics,Christ Hospital,Obstetrics/Gynecology,Christ Hospital,Internal Medicine,Christ Hospital,Internal Medicine,Christ Hospital,Psychiatry,Christ Hospital,Family Medicine,Christ Hospital,Elective,Elective,Emergency Medicine,Christ Hospital,Surgery,Christ Hospital,0,Cincinnati
207,Internal Medicine,Christ Hospital,Internal Medicine,Christ Hospital,Family Medicine,Christ Hospital,Pediatrics,Christ Hospital,Elective,Elective,Emergency Medicine,Christ Hospital,Surgery,Christ Hospital,Obstetrics/Gynecology,Christ Hospital,Psychiatry,Christ Hospital,0,Cincinnati
208,Surgery,Christ Hospital,Emergency Medicine,Christ Hospital,Pediatrics,Christ Hospital,Family Medicine,Christ Hospital,Psychiatry,Christ Hospital,Obstetrics/Gynecology,Christ Hospital,Internal Medicine,Christ Hospital,Internal Medicine,Christ Hospital,Elective,Elective,0,Cincinnati
